{"cameraMode":{"drawMode":0,"name":"Shaded","section":"Shading Mode"},"sceneLighting":true,"audioPlay":false,"sceneViewState":{"m_AlwaysRefresh":false,"showFog":true,"showSkybox":true,"showFlares":true,"showImageEffects":true,"showParticleSystems":true,"showVisualEffectGraphs":true,"m_FxEnabled":true},"in2DMode":false,"pivot":{"x":-217.90484619140626,"y":-1035.1890869140625,"z":985.1097412109375},"rotation":{"x":-0.39833658933639529,"y":0.10272996127605438,"z":-0.044627245515584949,"w":-0.9101743102073669},"size":717.4511108398438,"orthographic":false}